bufsiz,bytes per file,microseconds per file
8192,1,2.8143433866666667
8192,4096,6.797378593333334
8192,8192,11.671218153333333
8192,16384,20.50615565333333
