bufsiz,bytes per file,microseconds per file
8192,1,2.6413074733333333
8192,4096,7.850818106666666
8192,8192,12.1166979
8192,16384,20.528699226666667
