bufsiz,bytes per file,microseconds per file
8192,1,2.581436206666667
8192,4096,7.218120880000001
8192,8192,11.783784133333333
8192,16384,20.061763266666667
