iterations,factor,memcpy bytes per iteration,ns per iteration,ns per byte
10000000,10,80,2.777235,0.034715
10000000,20,160,6.959393,0.043496
10000000,30,240,9.507373,0.039614
10000000,40,320,15.159815,0.047374
50000000,10,80,2.657108,0.033214
50000000,20,160,6.741320,0.042133
50000000,30,240,10.270715,0.042795
50000000,40,320,14.386642,0.044958
100000000,10,80,2.639483,0.032994
100000000,20,160,7.049001,0.044056
100000000,30,240,11.271671,0.046965
100000000,40,320,14.220677,0.044440
