iterations,factor,memcpy bytes per iteration,ns per iteration,ns per byte
10000000,10,80,3.156780,0.039460
10000000,20,160,8.757636,0.054735
10000000,30,240,12.782005,0.053258
10000000,40,320,16.680032,0.052125
50000000,10,80,3.622987,0.045287
50000000,20,160,8.590099,0.053688
50000000,30,240,12.835207,0.053480
50000000,40,320,16.930937,0.052909
100000000,10,80,4.167525,0.052094
100000000,20,160,8.484943,0.053031
100000000,30,240,12.839524,0.053498
100000000,40,320,17.075793,0.053362
