pair-count,k-factor,v-factor,c_mean,std,hs-plain-unsafeffi_mean,std,hs-plain-safeffi_mean,std,hs-streamly-unsafe-unsafeffi-notxn_mean,std,hs-streamly-unsafe-unsafeffi-txn_mean,std,hs-streamly-unsafe-safeffi-notxn_mean,std,hs-streamly-safe-safeffi-notxn_mean,std
2500000,20,100,66.57936751999999,1.3007830081951681,72.21537316,1.7316838101115537,111.36727192000001,2.1551792700752275,85.13060992000001,5.653759521318444,117.62643984000002,12.836270930742169,112.21738372,3.5668227329448796,351.23228516,20.550639679397555
2500000,20,200,156.77722416,2.2906914341279636,163.52106432,0.1437205275137453,193.08581088,1.7836827851072086,171.96633196,0.1759088505673537,204.12007236,7.035946980869074,198.5693178,1.878025335606446,657.15606396,52.54848477795954
2500000,20,300,96.97949772,1.2057477618333583,103.53730688,1.5926892298007826,142.41860079999998,2.116153783123648,114.32944232,2.1893900620504683,145.38128084,14.040868237176923,146.07206664,2.7750844863586845,947.621222,62.19036591921049
2500000,40,100,95.01813776,0.8626080387694209,100.3234824,1.1847927130467197,159.86119876,0.11733584053267662,117.07907336000001,1.9941147908577703,143.11056384,7.350578508257046,157.84618616,3.4047191763070797,438.07158104,32.1250874594311
2500000,40,200,179.78640760000002,1.8224761376532361,187.89789412,1.203864734742436,225.70366656000002,3.8060622065323795,196.49463928,1.4404824137068692,232.86973292000002,5.813937828706002,230.38084687999998,1.7716087376690606,678.6212554,51.7300197997781
2500000,40,300,134.95553432,1.6105941124110605,143.55678984000002,0.11917995096584169,177.08802312,2.21059702286526,156.32752712,2.376912424937246,182.59882132,10.099570219805113,179.62741412,0.26305299490427564,974.36915388,48.15665180456598
2500000,60,100,100.76011916,1.084696656964085,108.21474355999999,1.2268023936803003,168.5021766,1.1095214491323595,125.697649,1.221376685085962,151.42239516,8.453493747654827,165.12165336,1.2111612195035282,477.21289332,41.18820657058029
2500000,60,200,155.58271231999998,2.9112521618630454,161.09052096,0.30119388099879774,197.62532456,1.6378588749767071,173.32482628,4.044544223557708,207.16459988000003,10.470881642583583,200.86543476,1.692502914979481,781.73210412,45.98865096352868
2500000,60,300,153.57944591999998,4.679389036916349,156.749415,1.136411318196795,194.77352488,1.9078526655280088,168.91222144,1.7870870123167448,206.98152983999998,7.807526073746156,199.7426082,1.0008740556526314,948.27855208,78.57435551647603
